"id","created_at","updated_at","name","email","password"
38,"2023-02-21 18:00:21","2023-02-21 18:00:21",Aleks,webi.aleks@gmail.com,test123
39,"2023-02-22 14:33:40","2023-02-22 14:33:40",Aleks2,webi.aleks2@gmail.com,test123
40,"2023-02-22 14:45:54","2023-02-22 14:45:54",Aleks3,webi.aleks3@gmail.com,test123
42,"2023-02-22 15:18:10","2023-02-22 15:18:10",Aleks4,webi.aleks4@gmail.com,test123
43,"2023-02-22 15:32:18","2023-02-22 15:32:18",Aleks5,webi.aleks5@gmail.com,test123
44,"2023-02-22 16:01:32","2023-02-22 16:01:32",Aleks6,webi.aleks6@gmail.com,test123
45,"2023-02-22 16:04:41","2023-02-22 16:04:41",Aleks6,webi.aleks8@gmail.com,test123
46,"2023-02-22 16:09:50","2023-02-22 16:09:50",Aleks9,webi.aleks9@gmail.com,test123
47,"2023-02-23 18:19:34","2023-02-23 18:19:34",Aleks9,webi.aleks10@gmail.com,test123
48,"2023-02-23 19:34:33","2023-02-23 19:34:33",Aleks9,webi.aleks11@gmail.com,test123
49,"2023-02-23 19:38:41","2023-02-23 19:38:41",Aleks9,webi.aleks12@gmail.com,test123
50,"2023-02-24 17:53:24","2023-02-24 17:53:24",Aleks9,webi.aleks14@gmail.com,test123
51,"2023-02-24 18:07:11","2023-02-24 18:07:11",Aleks9,webi.aleks15@gmail.com,test123
52,"2023-02-24 18:11:11","2023-02-24 18:11:11","",webi.aleks16@gmail.com,test123
53,"2023-02-24 18:15:55","2023-02-24 18:15:55","",webi.aleks17@gmail.com,test123
54,"2023-02-24 18:17:25","2023-02-24 18:17:25","",webi.aleks18@gmail.com,test123
55,"2023-02-24 18:17:58","2023-02-24 18:17:58","",webi.aleks19@gmail.com,test123
56,"2023-02-24 18:18:33","2023-02-24 18:18:33","",webi.aleks20@gmail.com,test123
57,"2023-02-24 18:20:44","2023-02-24 18:20:44","",webi.aleks21@gmail.com,test123
58,"2023-03-07 14:38:04","2023-03-07 14:38:04",Aleks,webi.aleks23@gmail.com,test123
59,"2023-03-22 13:42:53","2023-03-22 13:42:53",Aleks24,webi.aleks24@gmail.com,test123
60,"2023-03-23 13:53:36","2023-03-23 13:53:36",Aleks25,webi.aleks25@gmail.com,test123
61,"2023-03-23 13:54:14","2023-03-23 13:54:14",Aleks26,webi.aleks26@gmail.com,test123
62,"2023-03-23 14:10:07","2023-03-23 14:10:07",Aleks27,webi.aleks27@gmail.com,test123
63,"2023-03-23 14:18:04","2023-03-23 14:18:04",Aleks28,webi.aleks28@gmail.com,test123
64,"2023-03-28 11:03:37","2023-03-28 11:03:37",Aleks29,webi.aleks29@gmail.com,test123
65,"2023-03-28 13:03:00","2023-03-28 13:03:00",Aleks30,webi.aleks30@gmail.com,test123
66,"2023-03-29 12:25:22","2023-03-29 12:25:22",Aleks31,webi.aleks31@gmail.com,test123
67,"2023-03-29 17:04:04","2023-03-29 17:04:04",Aleks32,webi.aleks32@gmail.com,test123
68,"2023-04-08 17:43:33","2023-04-08 17:43:33",Aleks33,webi.aleks33@gmail.com,test123
